,query,facet,question,reference,t5-candidate,ru-candidate,answer1,answer2,answer3,answer4
80,to be or not to be that is the question,"find the text of hamlet\'s famous \""to be or not to be\"" soliloquy.",are you interested in the quote from hamlet,yes im interested in the famous text,yes,"no i want to find the text of hamlet's famous ""to be or not to be"" soliloquy","find the text of hamlet\'s famous \""to be or not to be\"" soliloquy.",yes,"no i want to find the text of hamlet's famous ""to be or not to be"" soliloquy",yes im interested in the famous text
81,cheap internet,i want to find cheap dsl providers.,or maybe free internet,yes free or low cost,i dont know,i want cheap dsl providers,yes free or low cost,i want to find cheap dsl providers.,i dont know,i want cheap dsl providers
82,south africa,find pictures of south africa.,do you want the population of south africa,no i want photos of south africa,no i want pictures of south africa,no i want pictures of south africa,no i want pictures of south africa,find pictures of south africa.,no i want pictures of south africa,no i want photos of south africa
83,forearm pain,what kinds of injuries or conditions can cause forearm pain?,do you have forearm pain from typing,maybe what injuries can cause it,no i want to know what types of injuries or conditions can cause forearm pain,no i want to know what injuries or conditions can cause forearm pain,what kinds of injuries or conditions can cause forearm pain?,no i want to know what injuries or conditions can cause forearm pain,maybe what injuries can cause it,no i want to know what types of injuries or conditions can cause forearm pain
84,arkansas,show a map of arkansas.,do you need to know the next arkansas game time,i would like to see arkansas on a map,no i need a map of arkansas,no i want to show a map of arkansas,show a map of arkansas.,i would like to see arkansas on a map,no i need a map of arkansas,no i want to show a map of arkansas
85,pacific northwest laboratory,types of research projects performed at pnl,are you looking for research papers,no i just want to know the types of projects they do at pnl,no i am looking for research projects at pnl,yes i am looking for research projects performed at pnl,types of research projects performed at pnl,no i am looking for research projects at pnl,no i just want to know the types of projects they do at pnl,yes i am looking for research projects performed at pnl
86,worm,"find information about computer worms, viruses, and spyware.",are you interested in pictures of worms,no i am interested in computer worms viruses and spyware information,"no i want information about computer worms, viruses and spyware","no i want information about computer worms, viruses and spyware",no i am interested in computer worms viruses and spyware information,"no i want information about computer worms, viruses and spyware","find information about computer worms, viruses, and spyware.","no i want information about computer worms, viruses and spyware"
87,gmat prep classes,what\'s the difference between the gre and the gmat?,when do you want to take a gmat prep class,i need to know the difference betweent gmat and gre,i dont know,no i want to know what is the difference between the gre and gmat,no i want to know what is the difference between the gre and gmat,i need to know the difference betweent gmat and gre,i dont know,what\'s the difference between the gre and the gmat?
88,pork tenderloin,how do i grill a pork tenderloin on a gas grill?,would you like to see the cooking temperature of pork tenderloin,i want to know how to cook a pork tenderloin on a gas grill so i need the instructions and the temperature for a gas grill,no i want to know how to grill a pork tenderloin on a gas grill,no i want to know how to grill one on a gas grill,no i want to know how to grill a pork tenderloin on a gas grill,how do i grill a pork tenderloin on a gas grill?,no i want to know how to grill one on a gas grill,i want to know how to cook a pork tenderloin on a gas grill so i need the instructions and the temperature for a gas grill
89,vanuatu,"find photos from the \""survivor 9, vanuatu\"" tv reality series.",do you want to contact somebody here,no i want to find photos of somebody,no i want to see photos from the tv reality series'survivor 9 vanuatu',"no i want photos from the survivor 9, vanuatu tv reality series",no i want to see photos from the tv reality series'survivor 9 vanuatu',no i want to find photos of somebody,"find photos from the \""survivor 9, vanuatu\"" tv reality series.","no i want photos from the survivor 9, vanuatu tv reality series"
90,pork tenderloin,how do i grill a pork tenderloin on a gas grill?,are you purchasing pork tenderloin today,no i want to know how i grill a pork tenderloin on a gas grill,no i want to grill a pork tenderloin on a gas grill,no i want to grill one on a gas grill,no i want to know how i grill a pork tenderloin on a gas grill,no i want to grill a pork tenderloin on a gas grill,how do i grill a pork tenderloin on a gas grill?,no i want to grill one on a gas grill
91,hobby stores,what hobby stores carry trains?,is this a hobby where anyone can build things,i dont know,no i want to know what hobby stores carry trains,no i want to know which hobby stores carry trains,no i want to know which hobby stores carry trains,no i want to know what hobby stores carry trains,i dont know,what hobby stores carry trains?
92,pacific northwest laboratory,home page of the pacific northwest national laboratory,do you seek further information on lab breeders,no,no i want to go to the homepage of the pacific northwest national laboratory,no i want the homepage of the pacific northwest national laboratory,no i want to go to the homepage of the pacific northwest national laboratory,no,no i want the homepage of the pacific northwest national laboratory,home page of the pacific northwest national laboratory
93,keyboard reviews,find reviews of electronic keyboards and digital pianos.,do you just want to rated keyboards,i want to read reviews of electonic keyboards and pianos,no i want reviews of electronic keyboards and digital pianos,no i want to see reviews of electronic keyboards and digital pianos,find reviews of electronic keyboards and digital pianos.,no i want to see reviews of electronic keyboards and digital pianos,no i want reviews of electronic keyboards and digital pianos,i want to read reviews of electonic keyboards and pianos
94,iron,what foods contain iron?,would you like to know irons atomic number or mass,no i want to know what foods contain iron,no i want to know what foods contain iron,no i want to know what foods contain iron,what foods contain iron?,no i want to know what foods contain iron,no i want to know what foods contain iron,no i want to know what foods contain iron
95,von willebrand disease,what is von willebrand disease?,what kind of information about von willebrand disease do you want to see,general information  what is it,i want to know what von willebrand disease is,i want to know what is von willebrand,i want to know what is von willebrand,what is von willebrand disease?,i want to know what von willebrand disease is,general information  what is it
96,arkansas,"provide information on the city of little rock, arkansas.",do you want to move to arkansas,i dont know yet,no i want to know about the city of little rock arkansas,no i want information on the city of little rock arkansas,no i want information on the city of little rock arkansas,no i want to know about the city of little rock arkansas,i dont know yet,"provide information on the city of little rock, arkansas."
97,cass county missouri,"what was the 2008 budget for cass county, mo?",would you like to know more about the city,no just the budget for 2008,no i want to know what the 2008 budget was,no i want to know the budget for cass county mo,no just the budget for 2008,no i want to know the budget for cass county mo,"what was the 2008 budget for cass county, mo?",no i want to know what the 2008 budget was
98,indiana state fairgrounds,find a map for the indiana state fairgrounds.,are you looking for historical information about the indiana state fairgrounds,show me a map of the fairgrounds,no i want a map of the indiana state fairgrounds,no i am looking for a map,find a map for the indiana state fairgrounds.,no i want a map of the indiana state fairgrounds,show me a map of the fairgrounds,no i am looking for a map
99,barbados,suggest tourist activities in barbados.,are you interested in barbados,yes tourist activities in barbados,no i want to see tourist activities in barbados,yes tourist activities in barbados,suggest tourist activities in barbados.,yes tourist activities in barbados,no i want to see tourist activities in barbados,yes tourist activities in barbados
0,iron,find information about the element iron (fe).,would you like to know about iron deficiencies,no,no i want to know about the element iron,yes i would like to know about iron deficiencies,no,find information about the element iron (fe).,no i want to know about the element iron,yes i would like to know about iron deficiencies
1,cheap internet,find me some providers of free wireless internet access.,or maybe free internet,yes how can i get free internet,i dont know,free wireless internet,yes how can i get free internet,i dont know,find me some providers of free wireless internet access.,free wireless internet
2,best long term care insurance,what companies offer long term care insurance policies?,do you think the best long term care insurance is right for you,i need companies that offer long term care insurance,no i want to know what companies offer long term care insurance policies,no i want to know what companies offer long term care insurance policies,what companies offer long term care insurance policies?,no i want to know what companies offer long term care insurance policies,no i want to know what companies offer long term care insurance policies,i need companies that offer long term care insurance
3,universal animal cuts reviews,sites that sell universal animal cuts that include product reviews.,did universal animal cuts work for you,no i am looking for reviews on their products,no i want to know about sites that sell universal animal cuts that include product reviews,no i am looking for sites that sell universal animal cuts that include product reviews,no i want to know about sites that sell universal animal cuts that include product reviews,no i am looking for reviews on their products,sites that sell universal animal cuts that include product reviews.,no i am looking for sites that sell universal animal cuts that include product reviews
4,rice,find biographical information about former secretary of state condoleeza rice.,are you looking for a specific recipe,no i need to know the history of condoleeze rice,no i want to know about condoleeza rice,no i want biographical information about condoleeza rice,no i want biographical information about condoleeza rice,no i want to know about condoleeza rice,find biographical information about former secretary of state condoleeza rice.,no i need to know the history of condoleeze rice
5,rock and gem shows,information on clubs that host rock and gem shows,would you like to learn about rock and gem shows in california,no i am looking for the clubs that host the shows,no i want to know about clubs that host rock and gem shows,yes i would like to know about clubs that host rock and gem shows,information on clubs that host rock and gem shows,yes i would like to know about clubs that host rock and gem shows,no i am looking for the clubs that host the shows,no i want to know about clubs that host rock and gem shows
6,source of the nile,"how to play the board game \""source of the nile\""",which nile are you interested in learning about,nile the boar game,i want to learn about the nile board game,the source of the nile,i want to learn about the nile board game,"how to play the board game \""source of the nile\""",nile the boar game,the source of the nile
7,to be or not to be that is the question,"find a critical analysis of hamlet\'s \""to be or not to be\"" soliloquy.",are you referring to shakespear,yes hamlets soliloquy,no i want to find a critical analysis of hamlet soliloquy,no i want a critical analysis of hamlet soliloquy,yes hamlets soliloquy,no i want a critical analysis of hamlet soliloquy,no i want to find a critical analysis of hamlet soliloquy,"find a critical analysis of hamlet\'s \""to be or not to be\"" soliloquy."
8,vanuatu,find a map of the islands of vanuatu.,do you want to know the history,no i just need a map of the islands,no i want to find a map of the islands of vanuatu,no i want a map of the islands of vanuatu,no i just need a map of the islands,no i want a map of the islands of vanuatu,no i want to find a map of the islands of vanuatu,find a map of the islands of vanuatu.
9,hobby stores,what hobby stores carry trains?,are you looking for coupons,no i need to find hobby stores that have trains,no i want to know what hobby stores carry trains,no i want to know what hobby stores carry trains,no i want to know what hobby stores carry trains,no i want to know what hobby stores carry trains,what hobby stores carry trains?,no i need to find hobby stores that have trains
10,cheap internet,i want to find cheap dsl providers.,are you looking for information on any specific internet technology,yes i want to find inexpensive dsl providers,no i want to find cheap dsl providers,no i want to find cheap dsl providers,no i want to find cheap dsl providers,i want to find cheap dsl providers.,no i want to find cheap dsl providers,yes i want to find inexpensive dsl providers
11,university of phoenix,find homepages of faculty members at the university of phoenix.,are you interested in comparing university of phoenix with other universities in any specific aspect,no i want to know about the faculty,no i want to find homepages of faculty members at the university of phoenix,no i am looking for faculty members at the university of phoenix,no i want to know about the faculty,no i am looking for faculty members at the university of phoenix,no i want to find homepages of faculty members at the university of phoenix,find homepages of faculty members at the university of phoenix.
12,iron,find sites where i can buy iron supplements.,are you trying to determine whats a safe amount of iron in your blood,no i want to know where to get iron supplements,no i want to buy iron supplements,no i want to buy iron supplements,no i want to buy iron supplements,no i want to buy iron supplements,find sites where i can buy iron supplements.,no i want to know where to get iron supplements
13,joints,find information about joint pain and how to treat it.,are you speaking about the human body or a mechanical part,i am referring to human body joints as in bones,no i want information on joint pain and how to treat it,i want to know how to treat joint pain,find information about joint pain and how to treat it.,i want to know how to treat joint pain,no i want information on joint pain and how to treat it,i am referring to human body joints as in bones
14,source of the nile,"how to play the board game \""source of the nile\""",would you like to know what the nile is composed of,no,no i want to know how to play the board game,no i want to know how to play the board game,no,"how to play the board game \""source of the nile\""",no i want to know how to play the board game,no i want to know how to play the board game
15,gmat prep classes,what\'s the difference between the gre and the gmat?,would you like to know more about the gmat test,the difference between the gmat in the gre,no i want to know the difference between the gre and the gmat,no i want to know what is the difference between the gre and gmat,no i want to know what is the difference between the gre and gmat,the difference between the gmat in the gre,what\'s the difference between the gre and the gmat?,no i want to know the difference between the gre and the gmat
16,vanuatu,"find photos from the \""survivor 9, vanuatu\"" tv reality series.",are you looking to book a trip to vanuatu,no i am looking for pictures of the survivor 9 vanuatu tv reality series not in planning a trip there,no i want to see photos from the tv reality series,"no i want photos from the tv reality series survivor 9, vanuatu",no i want to see photos from the tv reality series,"find photos from the \""survivor 9, vanuatu\"" tv reality series.",no i am looking for pictures of the survivor 9 vanuatu tv reality series not in planning a trip there,"no i want photos from the tv reality series survivor 9, vanuatu"
17,idaho state flower,"find \""fun facts\"" about idaho: state flower, tree, bird, etc.",would you like to know how big they grow,yes and any other interesting facts that can be found,no i want to know about their size,"no idaho state flower, tree, bird",yes and any other interesting facts that can be found,no i want to know about their size,"no idaho state flower, tree, bird","find \""fun facts\"" about idaho: state flower, tree, bird, etc."
18,south africa,find pages that give the history of south africa.,would you like to see some pictures of south africa,no i would like to find the history of south africa,no i want to know about the history of south africa,no i want to know about the history of south africa,no i would like to find the history of south africa,no i want to know about the history of south africa,no i want to know about the history of south africa,find pages that give the history of south africa.
19,idaho state flower,"find \""fun facts\"" about idaho: state flower, tree, bird, etc.",are you looking for some fun facts,yes,yes i would like to know more about idaho state flower,"yes idaho state flower, tree bird",yes,"find \""fun facts\"" about idaho: state flower, tree, bird, etc.",yes i would like to know more about idaho state flower,"yes idaho state flower, tree bird"
20,wedding budget calculator,i want to find some example wedding budgets.,what is your projected budget for your wedding,this isnt relevant to my search,i want to find some examples of wedding budgets,i dont know,i want to find some examples of wedding budgets,i dont know,this isnt relevant to my search,i want to find some example wedding budgets.
21,arkansas,find information on colleges and universities in arkansas.,which city in arkansas are you interested in,i am not interested in a specific city in arkansas,i am interested in colleges and universities in arkansas,i am interested in colleges and universities in arkansas,find information on colleges and universities in arkansas.,i am interested in colleges and universities in arkansas,i am not interested in a specific city in arkansas,i am interested in colleges and universities in arkansas
22,kansas city mo,"what casinos are in kansas city, missouri?",are you interested in kansas city mo tourism,yes if it is casino specific,no i am interested in casinos in kansas city,no i want to know what casinos are in kansas city,yes if it is casino specific,no i am interested in casinos in kansas city,"what casinos are in kansas city, missouri?",no i want to know what casinos are in kansas city
23,wedding budget calculator,"i want to find online guides, tips, and checklists for planning a wedding.",would you like to find an app for wedding budgeting,no i want to find guides and tips,no i want to find online guides and tips for planning a wedding,no i want to find online guides and checklists for planning a wedding,"i want to find online guides, tips, and checklists for planning a wedding.",no i want to find online guides and tips for planning a wedding,no i want to find online guides and checklists for planning a wedding,no i want to find guides and tips
24,idaho state flower,"find \""fun facts\"" about idaho: state flower, tree, bird, etc.",do you want a crossword puzzle about idaho,no i am intereted on information about the state bird flower tree etc,no i want to know about the facts,"no i want information on state flower, tree, bird","no i want information on state flower, tree, bird",no i am intereted on information about the state bird flower tree etc,"find \""fun facts\"" about idaho: state flower, tree, bird, etc.",no i want to know about the facts
25,lipoma,what age group most often exhibits lipomas?,do you need treatment information for lipoma,no i need info on which groups exhibit lipomas most often,no i want to know what age group most often exhibits lipomas,no i want to know what age group most often exhibits lipomas,no i want to know what age group most often exhibits lipomas,no i want to know what age group most often exhibits lipomas,what age group most often exhibits lipomas?,no i need info on which groups exhibit lipomas most often
26,sonoma county medical services,"i am looking for more information about health care coverage for low-income residents ofsonoma county, ca.",would you like the different services that are provided,no im looking for coverage for lowincome people,no i want to know more about health care coverage for low income residents ofsonoma county ca,no i want to know about health care coverage for lowincome residents ofsonoma county ca,no i want to know more about health care coverage for low income residents ofsonoma county ca,no im looking for coverage for lowincome people,"i am looking for more information about health care coverage for low-income residents ofsonoma county, ca.",no i want to know about health care coverage for lowincome residents ofsonoma county ca
27,civil right movement,find a timeline of the civil rights movement in the united states.,what would you like to know about the civil right movement,i would like a timeline of important events in the civil rights movement in the united states,i would like to know about the civil rights movement in the us,i would like a timeline of the civil rights movement,i would like a timeline of important events in the civil rights movement in the united states,i would like to know about the civil rights movement in the us,find a timeline of the civil rights movement in the united states.,i would like a timeline of the civil rights movement
28,joints,find an explanation of the different types of joints used in woodworking.,are you speaking about the human body or a mechanical part,im referring to the mechanical part,no i am talking about the different types of joints used in woodworking,i want to know about joints used in woodworking,im referring to the mechanical part,no i am talking about the different types of joints used in woodworking,find an explanation of the different types of joints used in woodworking.,i want to know about joints used in woodworking
29,pacific northwest laboratory,"career opportunities at pnl: what openings are currently available, what educational background is required, what prior experience is needed",is there any specific information that you would like to know about employment requirements at pnl,yes what openings are available and what educational background and experience are needed,no i want to know about the opportunities available at pnl,yes i would like to know about career opportunities at pnl,"career opportunities at pnl: what openings are currently available, what educational background is required, what prior experience is needed",no i want to know about the opportunities available at pnl,yes what openings are available and what educational background and experience are needed,yes i would like to know about career opportunities at pnl
30,used car parts,i\'m looking for online sites that sell car parts.,would you like directions to the nearest parts store,no i want an online store,no i want to find online sites that sell car parts,no i am looking for online sites that sell car parts,no i want to find online sites that sell car parts,no i am looking for online sites that sell car parts,i\'m looking for online sites that sell car parts.,no i want an online store
31,gmat prep classes,who are some companies that offer gmat prep classes?,are you looking for gmat prep classes near you,i am looking for which companies offer gmat prep classes in general,no i am looking for companies that offer gmat prep classes,no im looking for companies that offer gmat prep classes,no i am looking for companies that offer gmat prep classes,who are some companies that offer gmat prep classes?,no im looking for companies that offer gmat prep classes,i am looking for which companies offer gmat prep classes in general
32,used car parts,i want to find a salvage or junk yard.,are you looking for a specific web site,no,no i want to find a salvage or junk yard,yes i want to find a salvage or junk yard,no,i want to find a salvage or junk yard.,yes i want to find a salvage or junk yard,no i want to find a salvage or junk yard
33,cass county missouri,"historical facts about cass county, missouri.",which neighborhood in cass county are you interested in,i dont know,i am interested in historical facts about cass county missouri,i am interested in cass county missouri,i am interested in cass county missouri,i am interested in historical facts about cass county missouri,i dont know,"historical facts about cass county, missouri."
34,djs,how do i become a radio disc jockey?,are you looking for djs in your area,no i want to know how to become one,no i want to become a radio disc jockey,no i want to know how to become a radio disc jockey,no i want to know how to become one,no i want to know how to become a radio disc jockey,how do i become a radio disc jockey?,no i want to become a radio disc jockey
35,how to build a fence,what materials are best for building fences?,are you looking for companies to build a fence for you,i will be building the fence myself,no i want to know what materials are best for building a fence,no i want to know what materials are best for building a fence,no i want to know what materials are best for building a fence,what materials are best for building fences?,i will be building the fence myself,no i want to know what materials are best for building a fence
36,cheap internet,what are some low-cost broadband internet providers?,are you interested in lowcost internet providers,yes i am looking for some examples of lowcost isps,yes i would like to know what low cost broadband providers are,yes i am interested in low cost broadband internet providers,yes i am interested in low cost broadband internet providers,what are some low-cost broadband internet providers?,yes i would like to know what low cost broadband providers are,yes i am looking for some examples of lowcost isps
37,cass county missouri,"historical facts about cass county, missouri.",do you want to know about the schools in cass county missouri,no i want to know historical facts about cass county missouri not information about schools,no i want to know about the schools in cass county missouri,no i want historical facts about cass county missouri,no i want to know historical facts about cass county missouri not information about schools,no i want historical facts about cass county missouri,no i want to know about the schools in cass county missouri,"historical facts about cass county, missouri."
38,arkansas,show a map of arkansas.,are you looking for arkansas football,no i am looking for a map of arkansas,no i am looking for a map of arkansas,no i want a map of arkansas,show a map of arkansas.,no i want a map of arkansas,no i am looking for a map of arkansas,no i am looking for a map of arkansas
39,american military university,reviews and commentary on the quality of education received by students at american military university,are you wanting information about west point,no i am looking at american military university,no i want to know about the quality of education received by students at american military university,no i want reviews and commentary on the quality of education,no i want to know about the quality of education received by students at american military university,reviews and commentary on the quality of education received by students at american military university,no i want reviews and commentary on the quality of education,no i am looking at american military university
40,best long term care insurance,what are the different types of long term care insurance policies?,would you like to find out the different types of payment options for the best long term care insurance,no i want to know what are the different types of policies offered,no i want to know the different types of long term care insurance policies,yes i want to know the different types of long term care insurance policies,no i want to know the different types of long term care insurance policies,what are the different types of long term care insurance policies?,no i want to know what are the different types of policies offered,yes i want to know the different types of long term care insurance policies
41,quit smoking,how can hypnosis help someone quit smoking?,are you wondering if it is hard to quit smoking,no i want to know how hypnosis can help someone quit smoking,no i want to know how to help hypnosis help a smoker quit smoking,no i want to know how hypnosis can help people quit smoking,no i want to know how hypnosis can help people quit smoking,how can hypnosis help someone quit smoking?,no i want to know how hypnosis can help someone quit smoking,no i want to know how to help hypnosis help a smoker quit smoking
42,internet phone service,how much does internet phone service cost?,which internet phone service providers are you interested in,can you tell me the cost of all of them,i want to know how much internet phone service costs,i want to know how much internet phone service costs,i want to know how much internet phone service costs,can you tell me the cost of all of them,how much does internet phone service cost?,i want to know how much internet phone service costs
43,how to build a fence,find information about building a wooden fence.,are you looking for places to buy fencebuilding materials,no,no i want information on how to build a wooden fence,no i want information about building a wooden fence,no,find information about building a wooden fence.,no i want information about building a wooden fence,no i want information on how to build a wooden fence
44,keyboard reviews,find reviews of computer keyboards.,are you interested in electronic keyboard reviews,yes,no i want reviews of computer keyboards,yes i would like reviews of computer keyboards,no i want reviews of computer keyboards,yes,find reviews of computer keyboards.,yes i would like reviews of computer keyboards
45,forearm pain,what kinds of injuries or conditions can cause forearm pain?,are you having forearm pain,yes and im wondering what is causing it ,no i am looking for injuries or conditions that can cause forearm pain,yes i want to know what injuries or conditions can cause forearm pain,yes i want to know what injuries or conditions can cause forearm pain,no i am looking for injuries or conditions that can cause forearm pain,what kinds of injuries or conditions can cause forearm pain?,yes and im wondering what is causing it 
46,iron,find information about the element iron (fe).,are you looking to buy an iron for your clothes,no i need information about the element iron,no i want information about the element iron,no i want information on the element iron,no i want information about the element iron,find information about the element iron (fe).,no i need information about the element iron,no i want information on the element iron
47,idaho state flower,what is the state flower of idaho?,are you looking for some fun facts,give me the state flower of idaho,yes,no i want to know what the state flower is,no i want to know what the state flower is,yes,give me the state flower of idaho,what is the state flower of idaho?
48,how to build a fence,where can i buy materials for building a fence?,are you looking for instructions to build a fence,no i am looking for places to buy materials to build a fence,no i want to know where i can buy materials for building a fence,no i need materials for building a fence,no i want to know where i can buy materials for building a fence,no i need materials for building a fence,where can i buy materials for building a fence?,no i am looking for places to buy materials to build a fence
49,korean language,what are some common korean phrases?,are you looking for nearby classes,no i want to know what common phrases in the korean language are,no i want to know what common korean phrases are,no i am looking for common korean phrases,no i am looking for common korean phrases,no i want to know what common phrases in the korean language are,what are some common korean phrases?,no i want to know what common korean phrases are
50,espn sports,i\'m looking for information on nascar races.,do you want an espn sports schedule,no,no i want information on nascar races,no i want information on nascar races,no i want information on nascar races,no i want information on nascar races,no,i\'m looking for information on nascar races.
51,diversity,find free activities and materials for running a diversity training program in my office.,are you looking into diversity in hiring,looking for free diversity actities and materials in an office,no i want to know about free activities and materials for running a diversity training program in my office,no i want free activities and materials for running a diversity training program in my office,no i want free activities and materials for running a diversity training program in my office,no i want to know about free activities and materials for running a diversity training program in my office,find free activities and materials for running a diversity training program in my office.,looking for free diversity actities and materials in an office
52,raised gardens,what kind of wood should be used to build a raised garden bed?,is your request related to raised garden beds,yes,yes i would like to know what wood should be used to build a raised garden bed,yes what kind of wood should be used to build a raised garden bed,yes i would like to know what wood should be used to build a raised garden bed,yes,what kind of wood should be used to build a raised garden bed?,yes what kind of wood should be used to build a raised garden bed
53,flame designs,i\'m looking for flame design stencils.,are you looking for flame design tracers,no stencils,no i am looking for flame design stencils,no i am looking for flame design stencils,no i am looking for flame design stencils,no stencils,i\'m looking for flame design stencils.,no i am looking for flame design stencils
54,poem in your pocket day,find ideas for how to celebrate poem in your pocket day and national poetry month.,do you need printable poems,yes that would help me celebrate poem in your pocket day,no i need to know how to celebrate poem in your pocket day and national poetry month,no i want to celebrate a poem in your pocket day and national poetry month,no i need to know how to celebrate poem in your pocket day and national poetry month,no i want to celebrate a poem in your pocket day and national poetry month,find ideas for how to celebrate poem in your pocket day and national poetry month.,yes that would help me celebrate poem in your pocket day
55,to be or not to be that is the question,find famous quotes from shakespeare\'s plays.,are you referring to the philosopher aristotole,no im talking about shakespeare,no i am referring to the philosopher aristotole,no i am referring to shakespeares plays,find famous quotes from shakespeare\'s plays.,no im talking about shakespeare,no i am referring to shakespeares plays,no i am referring to the philosopher aristotole
56,lipoma,what are the treatments for malignant lipolysis?,are you referring to lipomassage,no malignant lipolysis or lipoma,no i am referring to malignant lipolysis,no im referring to malignant lipolysis,what are the treatments for malignant lipolysis?,no malignant lipolysis or lipoma,no im referring to malignant lipolysis,no i am referring to malignant lipolysis
57,mgb,find sites for mgb car owners and enthusiasts.,are you looking for mini gastric bypass surgery,no im looking for mgb car fan pages,no i am looking for sites for mgb car owners and enthusiasts,no i want to find sites for mgb car owners and enthusiasts,no im looking for mgb car fan pages,find sites for mgb car owners and enthusiasts.,no i am looking for sites for mgb car owners and enthusiasts,no i want to find sites for mgb car owners and enthusiasts
58,sonoma county medical services,"i\'m looking for the home page of the county medical services program (cmsp) of sonoma county, california.",are you interested in the human services department,no i just need the homepage of county medical services program sonoma california,no i am interested in the home page of the county medical services program,no i am looking for the home page of the county medical services program,no i am looking for the home page of the county medical services program,no i just need the homepage of county medical services program sonoma california,no i am interested in the home page of the county medical services program,"i\'m looking for the home page of the county medical services program (cmsp) of sonoma county, california."
59,espn sports,i\'m looking for baseball scores and information on upcoming live broadcast games.,do you want to know when espn started,no i want baseball scores and upcoming live broadcast baseball games,no i want to know baseball scores and information on upcoming live broadcast games,no i want to know about upcoming live broadcast games,i\'m looking for baseball scores and information on upcoming live broadcast games.,no i want baseball scores and upcoming live broadcast baseball games,no i want to know baseball scores and information on upcoming live broadcast games,no i want to know about upcoming live broadcast games
60,forearm pain,find information about supports and braces for the forearm to prevent injury or lessen pain.,are you looking for a specific method to cure your forearm pain,yes supports and braces for the pain,no i want to know about the braces and supports for the forearm,no i am looking for support and braces for the forearm,no i am looking for support and braces for the forearm,no i want to know about the braces and supports for the forearm,yes supports and braces for the pain,find information about supports and braces for the forearm to prevent injury or lessen pain.
61,pacific northwest laboratory,types of research projects performed at pnl,do you need stock price values for the company,no i am interested in the types of research projects performed at pnl,no i need to know about the types of research projects performed at pnl,no i am looking for research projects performed at pnl,types of research projects performed at pnl,no i am interested in the types of research projects performed at pnl,no i am looking for research projects performed at pnl,no i need to know about the types of research projects performed at pnl
62,credit report,i need the customer service contact information for the three major credit reporting agencies.,do you want information on what is in a credt report,no i need the customer services information for all three major credit reporting agencies,no i want customer service contact information for the three major credit reporting agencies,no i want the customer service contact information for the three major credit reporting agencies,no i want the customer service contact information for the three major credit reporting agencies,no i want customer service contact information for the three major credit reporting agencies,no i need the customer services information for all three major credit reporting agencies,i need the customer service contact information for the three major credit reporting agencies.
63,djs,i want to hire a dj for a wedding.,do you want to know the price to hire a dj,i want one for a wedding,no i want to hire a dj for a wedding,no i want to hire a wedding dj,i want to hire a dj for a wedding.,i want one for a wedding,no i want to hire a dj for a wedding,no i want to hire a wedding dj
64,milwaukee journal sentinel,find archives of articles from the milwaukee journal sentinel.,which year archives are you looking for,i am unsure of the specific year,i am looking for archives of articles from the milwaukee journal sentinel,im looking for archives of articles from the milwaukee journal sentinel,i am looking for archives of articles from the milwaukee journal sentinel,find archives of articles from the milwaukee journal sentinel.,i am unsure of the specific year,im looking for archives of articles from the milwaukee journal sentinel
65,barbados,find the barbados underground homepage.,would you like to find a plane ticket to barbados,no i am looking for the website for the barbados underground,no i want to find the barbados underground homepage,no i want to find the barbados underground homepage,no i want to find the barbados underground homepage,no i am looking for the website for the barbados underground,no i want to find the barbados underground homepage,find the barbados underground homepage.
66,poem in your pocket day,find specific events in new york city connected to poem in your pocket day.,did you want the know what the reasoning for having poem in your pocket day is,yes i would like to know,no i want to know about specific events in new york city connected to poem in your pocket day,no i want to know about events in new york city connected to poem in your pocket day,no i want to know about specific events in new york city connected to poem in your pocket day,no i want to know about events in new york city connected to poem in your pocket day,yes i would like to know,find specific events in new york city connected to poem in your pocket day.
67,espn sports,i want to find nba basketball standings.,what sport are you interested in,i am into the nba please find me the leagues current standings,i want to find nba basketball standings,i want to find nba basketball standings,i want to find nba basketball standings,i want to find nba basketball standings.,i want to find nba basketball standings,i am into the nba please find me the leagues current standings
68,euclid,i\'m looking for a source for euclid truck parts.,do you want a biography,no i am looking for places that sell euclid truck parts,no i want to find a source for euclid truck parts,no i want a source for euclid truck parts,i\'m looking for a source for euclid truck parts.,no i am looking for places that sell euclid truck parts,no i want a source for euclid truck parts,no i want to find a source for euclid truck parts
69,culpeper national cemetery,what is the history of the culpeper national cemetery?,do you want to know the size of culpeper national cemetery,i want to know the history of culpeper national cemetery,no i want to know the history of the culpeper national cemetery,no i want to know the history of the culpeper national cemetery,what is the history of the culpeper national cemetery?,no i want to know the history of the culpeper national cemetery,i want to know the history of culpeper national cemetery,no i want to know the history of the culpeper national cemetery
70,403b,who is eligible for a 403b plan?,would you like to see alternative retirement accounts,no i want to know if i am eligible for a 403b plan,no i want to know who is eligible for a 403b plan,no i want to know who is eligible for a 403b plan,no i want to know who is eligible for a 403b plan,who is eligible for a 403b plan?,no i want to know who is eligible for a 403b plan,no i want to know if i am eligible for a 403b plan
71,idaho state flower,find pictures of the idaho state flower.,do you want to know when the idaho state flower was named,no i want a picture of the idaho sate flower,no i want pictures of the idaho state flower,no i want to see pictures of it,no i want pictures of the idaho state flower,no i want to see pictures of it,find pictures of the idaho state flower.,no i want a picture of the idaho sate flower
72,quit smoking,how can hypnosis help someone quit smoking?,are you wondering how other people have quit smoking,yes i m wondering how other people had quit smoking,no i want to know how hypnosis can help people quit smoking,no i want to know how hypnosis can help people quit smoking,how can hypnosis help someone quit smoking?,yes i m wondering how other people had quit smoking,no i want to know how hypnosis can help people quit smoking,no i want to know how hypnosis can help people quit smoking
73,kcs,"find information on kcs energy, inc., and their merger with petrohawk energy corporation.",what entity are you referring to with this acrocym,kcs energy,i am referring to kcs energy inc. and their merger with petrohawk energy corporation,petrohawk energy corporation,kcs energy,i am referring to kcs energy inc. and their merger with petrohawk energy corporation,petrohawk energy corporation,"find information on kcs energy, inc., and their merger with petrohawk energy corporation."
74,university of phoenix,who are the main online competitors of the university of phoenix?,are you looking for reviews of the university of phoenix,no i want to know who the comeptitors are,no i am looking for the online competitors,no i am looking for the main online competitors,no i am looking for the online competitors,no i am looking for the main online competitors,who are the main online competitors of the university of phoenix?,no i want to know who the comeptitors are
75,lipoma,find pictures of lipoma tumors.,are you looking for the definition to lipoma,no i want pictures of lipoma tumors,no i want pictures of lipoma tumors,no i want pictures of lipoma tumors,no i want pictures of lipoma tumors,no i want pictures of lipoma tumors,no i want pictures of lipoma tumors,find pictures of lipoma tumors.
76,kansas city mo,find the kansas city chiefs homepage.,would you like to see a listing for hotels in kansas city,no the kansas city chiefs,no i want to find the kansas city chiefs homepage,no i want to see the kansas city chief homepage,no the kansas city chiefs,no i want to see the kansas city chief homepage,no i want to find the kansas city chiefs homepage,find the kansas city chiefs homepage.
77,tv on computer,get technical help for watching tv programs on the computer.,do you want to purchase streaming services,no i am looking for technical help,no i want technical help for watching tv programs on the computer,no i want technical help for watching tv programs on the computer,get technical help for watching tv programs on the computer.,no i want technical help for watching tv programs on the computer,no i want technical help for watching tv programs on the computer,no i am looking for technical help
78,pork tenderloin,how do i grill a pork tenderloin on a gas grill?,how would you like to cook your pork tenderloin,yes i want to know how to grill it on a gas grill,i would like to grill it on a gas grill,i want to grill one on a gas grill,yes i want to know how to grill it on a gas grill,i want to grill one on a gas grill,how do i grill a pork tenderloin on a gas grill?,i would like to grill it on a gas grill
79,universal animal cuts reviews,sites that sell universal animal cuts that include product reviews.,would you like to see the top reviews for universal animal cuts,yes,no i want to see sites that sell universal animal cuts that include product reviews,yes i would like to see reviews for universal animal cuts,yes i would like to see reviews for universal animal cuts,no i want to see sites that sell universal animal cuts that include product reviews,sites that sell universal animal cuts that include product reviews.,yes
180,vanuatu,"find photos from the \""survivor 9, vanuatu\"" tv reality series.",do you wish to know the climate of vanuatu,no i want to know more about a person named vanuatu,no i want to see photos from the tv reality series'survivor 9 vanuatu',"no i want photos from the tv reality series survivor 9, vanuatu","no i want photos from the tv reality series survivor 9, vanuatu",no i want to see photos from the tv reality series'survivor 9 vanuatu',"find photos from the \""survivor 9, vanuatu\"" tv reality series.",no i want to know more about a person named vanuatu
181,iron,find dealers in irons for clothing.,would you like to know how iron is mined,no i want dealers of clothes irons,no i want to find dealers in irons for clothing,no i want to find dealers in iron clothing,no i want dealers of clothes irons,find dealers in irons for clothing.,no i want to find dealers in irons for clothing,no i want to find dealers in iron clothing
182,euclid,find information on the greek mathematician euclid.,do you want to know related people,no i only want to know about one particular person,no i want to know about the greek mathematician,no i want information on the greek mathematician euclid,no i want to know about the greek mathematician,no i only want to know about one particular person,find information on the greek mathematician euclid.,no i want information on the greek mathematician euclid
183,tv on computer,looking for information on how to watch television programming on your computer.,do you want to know what sites you can watch tv on the computer at,yes please,no i want to know how to watch tv on the computer,yes i want to know how to watch tv on your computer,yes please,yes i want to know how to watch tv on your computer,no i want to know how to watch tv on the computer,looking for information on how to watch television programming on your computer.
184,source of the nile,information on the feud between speke and burton over the discovery of the source of the nile river,is there any specific information about the river that would interest you,the feud between speke and burton,no i want to know about the feud between speke and burton,no i want to know about the feud between speke and burton,the feud between speke and burton,information on the feud between speke and burton over the discovery of the source of the nile river,no i want to know about the feud between speke and burton,no i want to know about the feud between speke and burton
185,tornadoes,find videos and pictures of tornadoes.,are you wondering where tornadoes are more likely,no i want to find photos and videos of actual tornados,no i want to see videos and pictures of tornadoes,no i want videos and pictures of tornadoes,no i want to see videos and pictures of tornadoes,find videos and pictures of tornadoes.,no i want to find photos and videos of actual tornados,no i want videos and pictures of tornadoes
186,gmat prep classes,what\'s the difference between the gre and the gmat?,would you like to see the most effective methods of gmat prep,no what is the difference between gre and gmat,no i want to know the difference between the gre and the gmat,no i want to know what is the difference between the gre and gmat,no i want to know what is the difference between the gre and gmat,no what is the difference between gre and gmat,what\'s the difference between the gre and the gmat?,no i want to know the difference between the gre and the gmat
187,arkansas,provide arkansas tourist information.,do you want to go to arkansas,yes for tourism,no i want tourist information,no i want tourist information,no i want tourist information,provide arkansas tourist information.,yes for tourism,no i want tourist information
188,black history,find activities for children for black history month.,do you want to know famous black people,no im looking for information about activities for children during black history month,no i want to find activities for children for black history month,no i want activities for children for black history month,find activities for children for black history month.,no i want activities for children for black history month,no i want to find activities for children for black history month,no im looking for information about activities for children during black history month
189,universal animal cuts reviews,find testimonials of universal animal cuts nutritional supplement.,would you like to see the lowest reviews for universal animal cuts,i would like to see all reviews for universal animal cuts,no i want testimonials of universal animal cuts nutritional supplement,no i want testimonials of universal animal cuts nutritional supplement,no i want testimonials of universal animal cuts nutritional supplement,find testimonials of universal animal cuts nutritional supplement.,no i want testimonials of universal animal cuts nutritional supplement,i would like to see all reviews for universal animal cuts
190,pacific northwest laboratory,information about the scientific user facilities of the laboratory,are you looking for any specific facilities,yes the scientific user facilities,no i am looking for information about the scientific user facilities of the laboratory,yes i am looking for scientific user facilities of the laboratory,no i am looking for information about the scientific user facilities of the laboratory,yes the scientific user facilities,yes i am looking for scientific user facilities of the laboratory,information about the scientific user facilities of the laboratory
191,pacific northwest laboratory,types of research projects performed at pnl,are you looking for a specific representative in relation to the company,no i want to know about their research projects,no i am looking for research projects at pnl,no i am looking for research projects performed at pnl,no i am looking for research projects at pnl,types of research projects performed at pnl,no i want to know about their research projects,no i am looking for research projects performed at pnl
192,pocono,find information about the split rock resort in the poconos.,would you like to know more about pocono raceway,no,no i want to know about the split rock resort in the poconos,yes the split rock resort in the poconos,yes the split rock resort in the poconos,no i want to know about the split rock resort in the poconos,no,find information about the split rock resort in the poconos.
193,rice,"find recipes for rice, for example fried rice or rice pudding.",are you looking for a specific recipe,yes i am looking for rice recipes,no i want recipes for rice,yes fried rice or rice pudding,yes fried rice or rice pudding,"find recipes for rice, for example fried rice or rice pudding.",no i want recipes for rice,yes i am looking for rice recipes
194,vldl levels,how are vldl levels determined?,vldl and ldl are both considered types of bad cholesterol,ok but i need to know how are the vldl levels determined,i dont know,no i want to know how they are determined,i dont know,no i want to know how they are determined,how are vldl levels determined?,ok but i need to know how are the vldl levels determined
195,cass county missouri,"what was the 2008 budget for cass county, mo?",are you looking for a specific part of missouri,no i want to know the 2008 budget for cass county mo,no i am looking for the budget for cass county mo,no i am looking for the 2008 budget for cass county mo,no i want to know the 2008 budget for cass county mo,"what was the 2008 budget for cass county, mo?",no i am looking for the 2008 budget for cass county mo,no i am looking for the budget for cass county mo
196,culpeper national cemetery,information regarding who can be buried at culpeper national cemetery,what would you like to know about culpeper national cemetary,i would like to know who can be buried at culpeper national cemetary,i would like to know who can be buried at culpeper national cemetery,i want to know who can be buried at culpeper national cemetary,information regarding who can be buried at culpeper national cemetery,i would like to know who can be buried at culpeper national cemetery,i would like to know who can be buried at culpeper national cemetary,i want to know who can be buried at culpeper national cemetary
197,vanuatu,i need travel and tourism information for vanuatu.,are you looking for flights to vanuatu,i am looking for travel and tourism information for vanuatu,no i am looking for travel and tourism information for vanuatu,no i want travel and tourism information for vanuatu,i need travel and tourism information for vanuatu.,i am looking for travel and tourism information for vanuatu,no i want travel and tourism information for vanuatu,no i am looking for travel and tourism information for vanuatu
198,wedding budget calculator,"i\'m looking for information on planning a wedding shower, like theme ideas and budget guidelines.",did you want to see examples of budget weddings,no i want info on planning a wedding shower like theme ideas and budget guidelines,no i want to know how to plan a wedding shower,no i want to know how to plan a wedding shower,no i want info on planning a wedding shower like theme ideas and budget guidelines,no i want to know how to plan a wedding shower,"i\'m looking for information on planning a wedding shower, like theme ideas and budget guidelines.",no i want to know how to plan a wedding shower
199,internet phone service,how much does internet phone service cost?,do you need information about voip phone services,yes pricing information,no i need to know how much,yes i want to know how much internet phone service costs,how much does internet phone service cost?,no i need to know how much,yes i want to know how much internet phone service costs,yes pricing information
100,espn sports,i want to find nba basketball standings.,do you want espn sports corporate information,no im looking for nba basketball standings,no i want to find nba basketball standings,no i want to find nba basketball standings,no i want to find nba basketball standings,no im looking for nba basketball standings,no i want to find nba basketball standings,i want to find nba basketball standings.
101,cass county missouri,"find demographic information about cass county, mo.",there are some interesting historical facts about cass county shall i show them to you,what are the demographics of cass county,no i want demographic information about cass county mo,i want demographic information about cass county mo,no i want demographic information about cass county mo,what are the demographics of cass county,"find demographic information about cass county, mo.",i want demographic information about cass county mo
102,korean language,what are some common korean phrases?,are you wondering who speaks the korean language,no i am trying to find common phrases in the korean language,no i want to know what common korean phrases are,no i am looking for common korean phrases,no i am looking for common korean phrases,what are some common korean phrases?,no i want to know what common korean phrases are,no i am trying to find common phrases in the korean language
103,pocono,find information about the pocono raceway in pennsylvania.,what would you like to learn about the poconos,i want information about the raceway in pennsyvania named pocono raceway,i would like information about the pocono raceway in pennsylvania,i would like information about the pocono raceway in pennsylvania,i want information about the raceway in pennsyvania named pocono raceway,i would like information about the pocono raceway in pennsylvania,find information about the pocono raceway in pennsylvania.,i would like information about the pocono raceway in pennsylvania
104,403b,who is eligible for a 403b plan?,what year do you want to begin contributing 403b,i need to first know if im eligible,i dont know,i want to know who is eligible for a plan,i dont know,i want to know who is eligible for a plan,who is eligible for a 403b plan?,i need to first know if im eligible
105,cheap internet,find me some providers of free wireless internet access.,how do you know if your internet service is inexpensive,its affordable compared to the national average,no i want to know about free wireless internet access,i dont know,no i want to know about free wireless internet access,find me some providers of free wireless internet access.,its affordable compared to the national average,i dont know
106,indexed annuity,what is an indexed annuity? what are their advantages and disadvantages? what kinds of indexed annuities are there?,would you like to purchase a indexed annuity,no i would like a definition of what an indexed annuity and the different types as well as the pros and cons of them,no i want to know what advantages and disadvantages they have,yes i want to know what their advantages and disadvantages are,no i want to know what advantages and disadvantages they have,no i would like a definition of what an indexed annuity and the different types as well as the pros and cons of them,yes i want to know what their advantages and disadvantages are,what is an indexed annuity? what are their advantages and disadvantages? what kinds of indexed annuities are there?
107,sit and reach test,how is this test used in physical rehabilitation treatment?,are you trying to determine how well you did,no i have a more general testrelated question,no i want to know how this test is used in physical rehabilitation treatment,no i want to know how this test was used in physical rehabilitation,no i want to know how this test is used in physical rehabilitation treatment,no i have a more general testrelated question,no i want to know how this test was used in physical rehabilitation,how is this test used in physical rehabilitation treatment?
108,gmat prep classes,i\'m looking for some free sample gmat exams to practice on.,do you feel unprepared for the gmat test,yes thats why id like some sample exams,no i want to practice free sample gmat exams,no i am looking for free sample gmat exams,no i want to practice free sample gmat exams,no i am looking for free sample gmat exams,i\'m looking for some free sample gmat exams to practice on.,yes thats why id like some sample exams
109,to be or not to be that is the question,find famous quotes from shakespeare\'s plays.,are you interested in the quote from shakespeare or the quote used in another context,i want all quotes from shakespeares plays,no i want to know the quotes from shakespeares plays,i want to find famous quotes from shakespeare plays,i want to find famous quotes from shakespeare plays,find famous quotes from shakespeare\'s plays.,i want all quotes from shakespeares plays,no i want to know the quotes from shakespeares plays
110,butter and margarine,"what is the difference in regards to cholesterol, calorie count, and other nutritional qualities.",are you interested in the the nutritional value of butter and margarine,yes,"no i want to know what the difference is in regards to cholesterol, calorie count and other nutritional qualities","yes i am interested in the difference in cholesterol, calorie count and other nutritional qualities","no i want to know what the difference is in regards to cholesterol, calorie count and other nutritional qualities",yes,"yes i am interested in the difference in cholesterol, calorie count and other nutritional qualities","what is the difference in regards to cholesterol, calorie count, and other nutritional qualities."
111,hobby stores,what is the website for hobbytown usa?,why type of hobby  arts and crafts or sports,i dont know,i dont know,i want to know the website for hobbytown usa,i dont know,what is the website for hobbytown usa?,i want to know the website for hobbytown usa,i dont know
112,forearm pain,what are some exercises recommended for forearm pain?,does your forearm hurt from twisting,no i want information about forearm exercises for forearm pain,no i want to know what exercises are recommended for forearm pain,no i want to know what exercises are recommended for forearm pain,no i want information about forearm exercises for forearm pain,what are some exercises recommended for forearm pain?,no i want to know what exercises are recommended for forearm pain,no i want to know what exercises are recommended for forearm pain
113,cheap internet,find me some providers of free wireless internet access.,are you wondering where cheap internet is,not just cheap i want to find free wireless providers,no i want to know about free wireless internet access,no i am looking for free wireless internet providers,no i am looking for free wireless internet providers,find me some providers of free wireless internet access.,not just cheap i want to find free wireless providers,no i want to know about free wireless internet access
114,angular cheilitis,what is the common name for angular cheilitis?,are you looking for websites that describe angular cheilits,i am looking for websites that describe its common name,no i want to know the common name of angular cheilitis,no i am looking for the common name of angular cheilitis,what is the common name for angular cheilitis?,no i am looking for the common name of angular cheilitis,no i want to know the common name of angular cheilitis,i am looking for websites that describe its common name
115,diversity,how is workplace diversity achieved and managed?,are you looking for a specific content related to diversity,yes i am looking for information on diversity and the workplace,no i want to know how workplace diversity is achieved and managed,no i want to know how workplace diversity is achieved and managed,no i want to know how workplace diversity is achieved and managed,yes i am looking for information on diversity and the workplace,no i want to know how workplace diversity is achieved and managed,how is workplace diversity achieved and managed?
116,joints,find information about joint pain and how to treat it.,are you experiencing joint issues,no i would like info about symtoms and treatment for joint pain,no i am looking for information on joint pain and how to treat it,yes i want to know how to treat it,no i would like info about symtoms and treatment for joint pain,yes i want to know how to treat it,no i am looking for information on joint pain and how to treat it,find information about joint pain and how to treat it.
117,civil right movement,what was martin luther king jr\'s contribution to the us civil rights movement?,do you want the history of the civil right movement,yes specifically that pertaining to martin luther king jr,no i want to know what martin luther king jrs contribution to the us civil rights movement,no i want to know martin luther king jrs contribution to the us civil rights movement,what was martin luther king jr\'s contribution to the us civil rights movement?,no i want to know martin luther king jrs contribution to the us civil rights movement,no i want to know what martin luther king jrs contribution to the us civil rights movement,yes specifically that pertaining to martin luther king jr
118,source of the nile,map of the nile river basin,would you like to know what the nile is composed of,no id just like a map of its basin,no i want to know the source of the nile river basin,no i want a map of the nile river basin,no i want a map of the nile river basin,no i want to know the source of the nile river basin,map of the nile river basin,no id just like a map of its basin
119,rice,find the homepage of rice university.,are you looking for a specific type of rice,no rice university,no i am looking for the homepage of the university,no i am looking for the homepage of the university,find the homepage of rice university.,no i am looking for the homepage of the university,no i am looking for the homepage of the university,no rice university
120,barbados,find the barbados underground homepage.,are you looking for a specific website,yes,no i am looking for the barbados underground homepage,yes the barbados underground homepage,yes,yes the barbados underground homepage,no i am looking for the barbados underground homepage,find the barbados underground homepage.
121,barbados,what does the barbados flag look like?,are you interested in facts about barbados,no i only need to know the design of the barbados flag,no i want to know what the barbados flag looks like,yes what the barbados flag looks like,yes what the barbados flag looks like,no i only need to know the design of the barbados flag,what does the barbados flag look like?,no i want to know what the barbados flag looks like
122,atypical squamous cells,what do atypical squamous cells mean on a pap smear test?,are you interested in a desciption of aytypical squamous cells,yes and it must be related to pap smear tests,no i want to know what atypical squamous cells mean on a pap smear test,no i want to know what they mean on a pap smear test,no i want to know what atypical squamous cells mean on a pap smear test,no i want to know what they mean on a pap smear test,yes and it must be related to pap smear tests,what do atypical squamous cells mean on a pap smear test?
123,atypical squamous cells,how often may atypical squamous cells predict cervical cancer?,are you interested in atypical squamous cells in a test result,yesand if they can predict cancer,no i want to know how often they predict cervical cancer,no i want to know how often they predict cervical cancer,how often may atypical squamous cells predict cervical cancer?,no i want to know how often they predict cervical cancer,no i want to know how often they predict cervical cancer,yesand if they can predict cancer
124,von willebrand disease,what is von willebrand disease?,are you looking for specific information about von willebrand disease,yes,no i want to know what is von willebrand disease,yes i am looking for von willebrand disease,yes i am looking for von willebrand disease,no i want to know what is von willebrand disease,what is von willebrand disease?,yes
125,trombone for sale,good places to sell a used trombone,are you looking for a place to sell a used trombone,yes,no i am looking for good places to sell a used trombone,yes good places to sell a used trombone,no i am looking for good places to sell a used trombone,yes,good places to sell a used trombone,yes good places to sell a used trombone
126,flame designs,find pictures of flames and fire.,do you want black and white or colored designs,i want flame designs,no i want pictures of flames and fire,i want pictures of flames and fire,no i want pictures of flames and fire,find pictures of flames and fire.,i want pictures of flames and fire,i want flame designs
127,the secret garden,find reviews of the book the secret garden.,are you interested in gardening,not at all i want reviews of the book the secret garden,no i want reviews of the book,no i want reviews of the book the secret garden,no i want reviews of the book,find reviews of the book the secret garden.,not at all i want reviews of the book the secret garden,no i want reviews of the book the secret garden
128,gmat prep classes,what\'s the difference between the gre and the gmat?,would you like to see a price range for gmat prep classes,no i would like to know the difference between gre and the gmat,no i want to know the difference between the gre and the gmat,no i want to know what the difference is between the gre and gmat,no i would like to know the difference between gre and the gmat,no i want to know the difference between the gre and the gmat,no i want to know what the difference is between the gre and gmat,what\'s the difference between the gre and the gmat?
129,joints,find information about joint pain and how to treat it.,would you like to know the various diseases of the joints,can you show me treatments for joint pain,no i want to know how to treat joint pain,no i want information about joint pain and how to treat it,can you show me treatments for joint pain,find information about joint pain and how to treat it.,no i want to know how to treat joint pain,no i want information about joint pain and how to treat it
130,vanuatu,i need travel and tourism information for vanuatu.,is your question about tourism in vanuatu,yes,yes,yes i need travel and tourism information,yes,yes,yes i need travel and tourism information,i need travel and tourism information for vanuatu.
131,black history,find names of famous african american inventors.,are you looking for black history books,yes i am,no i am looking for names of famous african american inventors,no i am looking for names of famous african american inventors,yes i am,no i am looking for names of famous african american inventors,find names of famous african american inventors.,no i am looking for names of famous african american inventors
132,gmat prep classes,i\'d like to find some tips to help me do well on the gmat.,are you looking for a specific web site,i am looking for information on the gmat test to prepare,no i want to know how to do well on the gmat,no i want to know how to do well on the gmat,i am looking for information on the gmat test to prepare,no i want to know how to do well on the gmat,i\'d like to find some tips to help me do well on the gmat.,no i want to know how to do well on the gmat
133,tornadoes,find information about forecasting tornadoes.,are there any specific media type on your mind shall i play a video of tornadoes,yes id like information on how they forecast tornadoes,no i want to know about forecasting tornadoes,no i want to know about forecasting tornadoes,yes id like information on how they forecast tornadoes,find information about forecasting tornadoes.,no i want to know about forecasting tornadoes,no i want to know about forecasting tornadoes
134,raised gardens,what kind of wood should be used to build a raised garden bed?,is this in reference to flowers or vegetables,i dont know,no i want to know what wood should be used to build a raised garden bed,i want to know what kind of wood should be used to build a raised garden bed,i dont know,i want to know what kind of wood should be used to build a raised garden bed,what kind of wood should be used to build a raised garden bed?,no i want to know what wood should be used to build a raised garden bed
135,grilling,find tips on grilling fish.,are you interested in grilling a specefic food,yes grilled fish,no i want tips on grilling fish,no i want tips on grilling fish,yes grilled fish,no i want tips on grilling fish,find tips on grilling fish.,no i want tips on grilling fish
136,dog heat,what is the effect of excessive heat on dogs?,do you need directions to your local vet,no i would like to know the effects of excessive heat on dogs,no i want to know the effect of excessive heat on dogs,no i want to know the effect of excessive heat on dogs,no i want to know the effect of excessive heat on dogs,no i want to know the effect of excessive heat on dogs,what is the effect of excessive heat on dogs?,no i would like to know the effects of excessive heat on dogs
137,pacific northwest laboratory,home page of the pacific northwest national laboratory,do you need the address or location for the company,no the homepage,no i need the homepage of the pacific northwest national laboratory,no i need the homepage of the pacific northwest national laboratory,home page of the pacific northwest national laboratory,no the homepage,no i need the homepage of the pacific northwest national laboratory,no i need the homepage of the pacific northwest national laboratory
138,tornadoes,what were the deadliest tornadoes in history?,are you wondering where tornadoes are more likely,no i want to know which tornadoes have caused the most deaths,no i want to know the deadliest tornadoes in history,no i am looking for the deadliest tornadoes in history,no i am looking for the deadliest tornadoes in history,no i want to know which tornadoes have caused the most deaths,what were the deadliest tornadoes in history?,no i want to know the deadliest tornadoes in history
139,pocono,find general information on tourist activities in pennsylvania\'s pocono mountains.,what would you like to do in the poconos,take a tour,i would like general information on tourist activities in the pocono mountains,i want general information on tourist activities in the pocono mountains,i would like general information on tourist activities in the pocono mountains,i want general information on tourist activities in the pocono mountains,find general information on tourist activities in pennsylvania\'s pocono mountains.,take a tour
140,angular cheilitis,how do you treat severe angular cheilitis?,are you looking for symptoms of angular cheilitis,no im looking for treatments of angular cheilitis,no i am looking for general information on how to treat severe angular cheilitis,yes i am looking for severe angular cheilitis,yes i am looking for severe angular cheilitis,how do you treat severe angular cheilitis?,no i am looking for general information on how to treat severe angular cheilitis,no im looking for treatments of angular cheilitis
141,cass county missouri,"historical facts about cass county, missouri.",is there any specific information that you are looking for,i dont know,no i am looking for historical facts about cass county missouri,yes historical facts about cass county missouri,i dont know,"historical facts about cass county, missouri.",yes historical facts about cass county missouri,no i am looking for historical facts about cass county missouri
142,pacific northwest laboratory,who operates (manages) pnl?,are you referring to the lab in seattle,no,no i am referring to the pnl,no i want to know who operates pnl,no i am referring to the pnl,no i want to know who operates pnl,no,who operates (manages) pnl?
143,cheap internet,what are some low-cost broadband internet providers?,are you interested in finding cheap items on the internet,no i need information about internet providers,no i want to know what low cost broadband internet providers are,no i want to know about low cost broadband internet providers,no i need information about internet providers,no i want to know what low cost broadband internet providers are,what are some low-cost broadband internet providers?,no i want to know about low cost broadband internet providers
144,espn sports,i\'m looking for information on nascar races.,do you want information about espn sports programming in languages other than english,no,no i want information on nascar races,no i want information on nascar races,no,no i want information on nascar races,i\'m looking for information on nascar races.,no i want information on nascar races
145,cass county missouri,"what was the 2008 budget for cass county, mo?",is there any specific information that you are looking for,yes the 2008 budget for cass county mo,no i am looking for the budget for cass county,yes i want to know the budget for cass county mo,"what was the 2008 budget for cass county, mo?",yes the 2008 budget for cass county mo,no i am looking for the budget for cass county,yes i want to know the budget for cass county mo
146,von willebrand disease,what treatments exist for von willebrand disease?,do you want to know how von willebrand disease is treated,yes,no i want to know what treatments exist for von willebrand disease,yes i want to know what treatments exist for it,no i want to know what treatments exist for von willebrand disease,yes i want to know what treatments exist for it,yes,what treatments exist for von willebrand disease?
147,civil right movement,what was martin luther king jr\'s contribution to the us civil rights movement?,do you want to know about specific key people,yes martin luther king jr,no i want to know about martin luther king jrs contribution to the us civil rights movement,no i want to know martin luther king jrs contribution to the us civil rights movement,what was martin luther king jr\'s contribution to the us civil rights movement?,no i want to know about martin luther king jrs contribution to the us civil rights movement,yes martin luther king jr,no i want to know martin luther king jrs contribution to the us civil rights movement
148,vines for shade,information on vines that can be grown in shady areas,do you want to know how to plant a vine for shade,yes,no i want to know about vines that can be grown in shady areas,yes i want to know how to plant a vine for shade,yes,yes i want to know how to plant a vine for shade,no i want to know about vines that can be grown in shady areas,information on vines that can be grown in shady areas
149,how to build a fence,find information about building a wooden fence.,are you using this around the yard,yes,yes,no i want to know about building a wooden fence,yes,no i want to know about building a wooden fence,find information about building a wooden fence.,yes
150,pacific northwest laboratory,who operates (manages) pnl?,are you looking for jobs in richland,no,no i am looking for the owner of pnl,no i want to know who operates pnl,no i want to know who operates pnl,no i am looking for the owner of pnl,who operates (manages) pnl?,no
151,keyboard reviews,find reviews of computer keyboards.,are you needing wireless or wired keyboard reviews,i am interested in all keyboard reviews,no i need reviews of computer keyboards,i am looking for computer keyboard reviews,no i need reviews of computer keyboards,i am interested in all keyboard reviews,i am looking for computer keyboard reviews,find reviews of computer keyboards.
152,tn highway patrol,i want to fill in the customer satisfaction survey about my interaction with a tennessee highway patrol state trooper.,are you looking for a specific web site,no i want to fill out a survey about my interaction with a tennesse highway patrol trooper,no i want to fill in the customer satisfaction survey about my interaction with a tennessee highway patrol state trooper,no i am looking for a customer satisfaction survey,no i want to fill out a survey about my interaction with a tennesse highway patrol trooper,no i am looking for a customer satisfaction survey,i want to fill in the customer satisfaction survey about my interaction with a tennessee highway patrol state trooper.,no i want to fill in the customer satisfaction survey about my interaction with a tennessee highway patrol state trooper
153,flame designs,i\'m looking for good flame tattoo designs.,what kind of pictures are you looking for,i am looking for pictures with flame designs on them,i dont know,i am looking for flame tattoo designs,i\'m looking for good flame tattoo designs.,i am looking for flame tattoo designs,i dont know,i am looking for pictures with flame designs on them
154,gmat prep classes,what\'s the difference between the gre and the gmat?,are you looking for gmat prep classes near you,no,no i want to know the difference between the gre and the gmat,no i want to know what is the difference between the gre and gmat,no i want to know what is the difference between the gre and gmat,what\'s the difference between the gre and the gmat?,no,no i want to know the difference between the gre and the gmat
155,grilling,find kabob recipes.,are you looking for a grill for grilling food,no i want to grill kabobs,no i am looking for kabob recipes,no i am looking for kabob recipes,no i am looking for kabob recipes,no i want to grill kabobs,find kabob recipes.,no i am looking for kabob recipes
156,rick warren,i\'m looking for background and biographical information on rick warren.,do you need any specific information on obama inauguration,no i want information on rick warren including any backgound or biographical information,no i want to know about rick warren,yes i need background and biographical information on rick warren,i\'m looking for background and biographical information on rick warren.,no i want to know about rick warren,yes i need background and biographical information on rick warren,no i want information on rick warren including any backgound or biographical information
157,tornadoes,"find information about tornadoes, what causes them, and where they occur.",are there any specific media type on your mind shall i play a video of tornadoes,i dont know,no i want to know what causes them and where they occur,no i want to know what causes them and where they occur,no i want to know what causes them and where they occur,i dont know,no i want to know what causes them and where they occur,"find information about tornadoes, what causes them, and where they occur."
158,credit report,how do you dispute credit report information?,would you like to know about the process of disputing credit report,yes,no i want to know how to dispute credit report information,yes i would like to know how to do it,no i want to know how to dispute credit report information,how do you dispute credit report information?,yes,yes i would like to know how to do it
159,pork tenderloin,find recipes for pork tenderloin cooked in a crockpot.,how would you like to cook your pork tenderloin,i would like to cook my pork tenderloin in a crockpot,i would like to cook it in a crockpot,i want to cook it in a crockpot,find recipes for pork tenderloin cooked in a crockpot.,i would like to cook it in a crockpot,i want to cook it in a crockpot,i would like to cook my pork tenderloin in a crockpot
160,universal animal cuts reviews,"are animal cuts safe to use, and are they effective?",would you like to see the lowest reviews for universal animal cuts,yes,no i want to know if animal cuts are safe to use and effective,no i want to know if they are safe and effective,yes,no i want to know if they are safe and effective,"are animal cuts safe to use, and are they effective?",no i want to know if animal cuts are safe to use and effective
161,source of the nile,"how to play the board game \""source of the nile\""",are you referring to the nile river,no the board game called the source of the nile,no i am referring to the nile river,no i am referring to the nile river,no the board game called the source of the nile,"how to play the board game \""source of the nile\""",no i am referring to the nile river,no i am referring to the nile river
162,credit report,how do you dispute credit report information?,would you like to know about credit scores,can you tell me how to dispute information on a credit report,no i want to know how to dispute credit report information,yes i would like to know how to dispute credit report information,yes i would like to know how to dispute credit report information,no i want to know how to dispute credit report information,how do you dispute credit report information?,can you tell me how to dispute information on a credit report
163,cheap internet,what are some low-cost broadband internet providers?,how do you know if your internet service is inexpensive,i would like to know if my internet service is inexpensive,i dont know,no i want to know about low cost broadband internet providers,what are some low-cost broadband internet providers?,i dont know,no i want to know about low cost broadband internet providers,i would like to know if my internet service is inexpensive
164,forearm pain,find information about tendinitis in the forearms.,are you looking for treatments to forearm pain,i am looking for possible causes of forearm pain,no i am looking for information about tendinitis in the forearms,no i am looking for information on tendinitis in the forearms,find information about tendinitis in the forearms.,no i am looking for information about tendinitis in the forearms,no i am looking for information on tendinitis in the forearms,i am looking for possible causes of forearm pain
165,dog heat,"find information on dogs\' reproductive cycle. what does it mean when a dog is \""in heat\""?",do you need directions to your local vet,no what does it mean for a dog to be in heat,no i need information on dogs reproductive cycle,no i want to know about their reproductive cycle,"find information on dogs\' reproductive cycle. what does it mean when a dog is \""in heat\""?",no i need information on dogs reproductive cycle,no i want to know about their reproductive cycle,no what does it mean for a dog to be in heat
166,milwaukee journal sentinel,find the sports section of the milwaukee journal sentinel.,which section of the paper do you want,i just said the sports section,i want the sports section of the milwaukee journal sentinel,i want the sports section of the milwaukee journal sentinel,i just said the sports section,i want the sports section of the milwaukee journal sentinel,i want the sports section of the milwaukee journal sentinel,find the sports section of the milwaukee journal sentinel.
167,pocono,find a map showing lodgings in the poconos pa region.,have you been to the poconos before,i dont know,no i am looking for a map showing lodgings in the poconos pa region,no i want a map showing lodgings in the poconos pa region,i dont know,find a map showing lodgings in the poconos pa region.,no i am looking for a map showing lodgings in the poconos pa region,no i want a map showing lodgings in the poconos pa region
168,vldl levels,"what is the difference between ldl, hdl, and vldl?",would you like to take a survey on your cholesterol,no i just want to know the diffrences of the things i listed,yes,no,no,no i just want to know the diffrences of the things i listed,yes,"what is the difference between ldl, hdl, and vldl?"
169,universal animal cuts reviews,sites that sell universal animal cuts that include product reviews.,were you wondering about how universal animal cuts works,no i just need sites that sell universal animal cuts,no i want to know about sites that sell universal animal cuts that include product reviews,no i am looking for sites that sell universal animal cuts that include product reviews,no i want to know about sites that sell universal animal cuts that include product reviews,no i am looking for sites that sell universal animal cuts that include product reviews,no i just need sites that sell universal animal cuts,sites that sell universal animal cuts that include product reviews.
170,wedding budget calculator,how can i plan an inexpensive wedding?,did you want to see if there was an app to do it,yes,no i want to know how to plan an inexpensive wedding,no i want to know how to plan an inexpensive wedding,how can i plan an inexpensive wedding?,yes,no i want to know how to plan an inexpensive wedding,no i want to know how to plan an inexpensive wedding
171,the secret garden,find reviews of the various tv and movie adaptations of the secret garden.,are you interested in the original classic book by frances hodges burnett,no not the book,no i want to see reviews of the movie adaptations of the secret garden,no i am interested in reviews of the secret garden,find reviews of the various tv and movie adaptations of the secret garden.,no i am interested in reviews of the secret garden,no i want to see reviews of the movie adaptations of the secret garden,no not the book
172,espn sports,i want to find nba basketball standings.,do you want to know who owns espn,no i want to know current nba standings,no i want to find nba basketball standings,no i want to find the nba basketball standings,i want to find nba basketball standings.,no i want to find nba basketball standings,no i want to find the nba basketball standings,no i want to know current nba standings
173,diversity,"find quotes, poems, and/or artwork illustrating and promoting diversity.",would you like to see results about diversity in a business setting,no i am looking for poems quotes and artwork about diversity,"no i want quotes, poems and artwork promoting diversity","no i want quotes, poems and/or artworks illustrating diversity","no i want quotes, poems and/or artworks illustrating diversity","no i want quotes, poems and artwork promoting diversity","find quotes, poems, and/or artwork illustrating and promoting diversity.",no i am looking for poems quotes and artwork about diversity
174,kansas city mo,"find information on the hallmark visitors center in kansas city, mo.",are you interested in upcomming events in kasas city mo,no just the hallmark center info,no i am interested in the hallmark visitors center in kansas city mo,no i am interested in the hallmark visitors center in kansas city mo,no just the hallmark center info,no i am interested in the hallmark visitors center in kansas city mo,"find information on the hallmark visitors center in kansas city, mo.",no i am interested in the hallmark visitors center in kansas city mo
175,vanuatu,find a map of the islands of vanuatu.,are you interested in the location of vanuatu,yes i would like to see it on a map,no i want a map of the islands of vanuatu,yes a map of the islands of vanuatu,yes a map of the islands of vanuatu,yes i would like to see it on a map,no i want a map of the islands of vanuatu,find a map of the islands of vanuatu.
176,djs,how do i become a radio disc jockey?,are you a dj,no im looking to become one,no i want to become a radio disc jockey,no i want to know how to become a radio disc jockey,no im looking to become one,how do i become a radio disc jockey?,no i want to know how to become a radio disc jockey,no i want to become a radio disc jockey
177,rice,find the homepage of rice university.,do you need instructions for cooking rice,no i want to access the homepage of rice university,no i need the homepage of the university,no i need the homepage of the university,find the homepage of rice university.,no i need the homepage of the university,no i need the homepage of the university,no i want to access the homepage of rice university
178,pocono,find a map showing lodgings in the poconos pa region.,would you like to book a flight to pocono couples retreat,no i would like a lodging map of hte poconos pa region,no i want a map showing lodgings in poconos pa,no i want a map showing lodgings in the poconos pa region,no i would like a lodging map of hte poconos pa region,find a map showing lodgings in the poconos pa region.,no i want a map showing lodgings in poconos pa,no i want a map showing lodgings in the poconos pa region
179,credit report,how do i get my free annual credit report?,do you want information on what is in a credt report,no i want to know how to get mine for free,no i want to get my free annual credit report,no i want to get my free annual credit report,no i want to know how to get mine for free,no i want to get my free annual credit report,how do i get my free annual credit report?,no i want to get my free annual credit report
